title,price,rating,reviews
Hallmark Fathers Day Card (It's Father's Day) (559FFW2149),$5.59,4.9 out of 5 stars,879 ratings
"Paper Love Fathers Day Pop Up Card, Dad Fuel (Beer), For Father, Husband, Son, All Occasion, Handmade - 5"" x 7"" Cover - Includes Envelope and Note Tag",$9.99,4.8 out of 5 stars,429 ratings
"Hallmark Father's Day Card for Dad, Stepdad, Grandpa, Husband (Hammock) (599FFW1111)",$5.99,4.8 out of 5 stars,636 ratings
"Hallmark Signature Father's Day Card (Vintage Classic Car, Don't Make 'Em Like You Anymore), (599FFW9632)",$5.99,4.9 out of 5 stars,"2,330 ratings"
Papyrus Star Wars Father's Day Card (Best Dad In The Galaxy),$8.95,4.9 out of 5 stars,233 ratings
Hallmark Father's Day Card for Husband (for A Wonderful Husband and Father),$5.79,4.9 out of 5 stars,"1,389 ratings"
"Funny Joe Biden Birthday Card for Dad, Hilarious Father's Day Card for Daddy, You Know, That Thing",$5.99,4.7 out of 5 stars,27 ratings
"Original and funny card for dad from son, daughter or wife with envelope | Inappropriate gag card for Father's Day, Birthday, Anniversary, Christmas or for new father",$6.99,4.8 out of 5 stars,"2,640 ratings"
"LIGHTS & MUSICAL Fathers Day Card from Kids, Pop Up Fathers Day Card for Husband, Sings 'Whatta Man', Happy Fathers Day Card from Daughter, Funny Fathers Day Card from Son, 1 Singing Fathers Day Card",$19.95,4.8 out of 5 stars,330 ratings
Huxters - Fathers Day Card Dad Birthday Cards for him Birthday Cards - Daddy Fathers Day Card - Fathers Day Card from Daughter or Son,$6.99,4.8 out of 5 stars,"2,080 ratings"
"Old English Co. Dinosaur Daddy Happy Birthday Card - Fun Father's Day Greeting Card for Dad | Cute Daddysaurus Card from Children, Son, Daughter | Blank Inside & Envelope Included (Daddy)",$6.95,5.0 out of 5 stars,4 ratings
"LIGHTS & MUSIC #1 Pop Up Fathers Day Card, Plays Superman Song, Happy Fathers Day Card from Daughter, Father's Day Cards for Husband, Fathers Day Card from Son, Fathers Day Cards, 1 Best Dad Ever Card",$19.95,4.9 out of 5 stars,"1,043 ratings"
Father's Day Card for Dad from Hallmark - Lego Head Design,Page 1 of 1,4.7 out of 5 stars,"1,011 ratings"
Father's Day Card from The Hallmark Studio - Contemporary Text Design,Page 1 of 1,4.6 out of 5 stars,802 ratings
Fathers Day Card,Page 1 of 1,4.6 out of 5 stars,800 ratings
"Hallmark Musical Father's Day Card (Neon Light Up # 1 Dad, Plays All Star)",$6.99,4.9 out of 5 stars,279 ratings
"LIGHTS & MUSIC Pop Up Fathers Day Card, Plays 'All Star' Song, Happy Fathers Day Card from Daughter, Father's Day Cards for Husband, Fathers Day Card from Son, Fathers Day Cards, 1 Best Dad Ever Card",$19.95,4.9 out of 5 stars,300 ratings
"ALY LOU Funny Fathers Day Card, Funny Card for Dad Birthday, For Him/Grandfather/Grandpa/Stepdad/Uncle/Thank You Greeting Card (Cool pop)",$7.09,4.7 out of 5 stars,533 ratings
"Hallmark Signature Fathers Day Card or Birthday Card for Men (Whiskey, Cheers to You)",$5.99,4.8 out of 5 stars,10 ratings
Hallmark Signature Fathers Day Card (The Person I Needed),$5.99,4.9 out of 5 stars,206 ratings
Hallmark Signature Fathers Day Card for Dad from Son or Daughter (Celebrate),$5.71,4.8 out of 5 stars,"3,073 ratings"
"Hallmark Signature Wood Fathers Day Card or Birthday Card for Dad (Nuts and Bolts), WHITE (599RZH1009)",$5.97,4.9 out of 5 stars,"1,713 ratings"
Papyrus Father's Day Card (Wishing You Paradise),$8.99,4.9 out of 5 stars,215 ratings
"UNIPOP Cordless Drill Pop Up Card – 5x7 Handmade 3D Pop Up Birthday Card, Funny Birthday Card,Happy Birthday Card for Dad or Husband, Father's day card, Thank you Card, Congratulations Card",$12.00,4.7 out of 5 stars,9 ratings
"Paper Love 3D Fathers Day Card Pop Up, I Lava You Dad, For Father, Husband, Grandfather, Anyone, All Occasion - 5"" x 7"" Cover - Includes Envelope and Note Tag",$13.99,5.0 out of 5 stars,4 ratings
Papyrus Father's Day Card (All-Around Great Dad),$6.89,4.8 out of 5 stars,126 ratings
"Paper Love 3D Pop Up Card, Dad Coffee Mug, For Fathers Day, Birthday, All Occasions - 5"" x 7"" Cover - Includes Envelope and Note Tag",$9.99,4.8 out of 5 stars,429 ratings
American Greetings Father's Day Card (Lucky to Know You),$5.69,4.8 out of 5 stars,448 ratings
Hallmark Signature Fathers Day Card (The Person I Needed),$5.99,4.9 out of 5 stars,206 ratings
"Hallmark Paper Wonder Pop Up Fathers Day Card (Beer), ""5"""" x 7.2"""""" (599FFW2029)",$5.99,4.8 out of 5 stars,"1,314 ratings"
"Hallmark Father's Day Card (for You, Dad) (559FFW1124)",$5.59,4.9 out of 5 stars,298 ratings
"Happy Fathers Day Card by 22CRAFT - Happy Fathers Day Pop Up Card 6""x 8"" - Happy Father's Day Card from Wife, Daughter, Son, Kids for Husband, Grandpa, Papa, Birthday Pop Up Fathers Day Card",$13.99,4.8 out of 5 stars,39 ratings
Hallmark Paper Wonder Pop Up Father's Day Card (Cheers to You),$4.71,4.6 out of 5 stars,274 ratings
Papyrus Father's Day Card (Wonderful Dad),$9.50,4.7 out of 5 stars,175 ratings
Papyrus Father's Day Card for Dad (Made Every Difference In My Life),$10.59,4.9 out of 5 stars,148 ratings
"Nchigedy Dad Meaningful Birthday Card, Special Birthday Gift for Dad, Sweet Fathers Day Card from Daughter Son, to A Wonderful Dad.",$6.98,Previous page of related Sponsored Products,
"HEALSLA Fathers Day Card from Daughter, Funny Dad Gifts Card for Daddy, You Are My Father Card with Kraft Envelope",$7.95,4.7 out of 5 stars,8 ratings
Hallmark Nintendo Fathers Day Card with Light and Sound (Classic Mario),$7.99,4.8 out of 5 stars,195 ratings
Hallmark Pop Up Fathers Day Card (Words for Dads Like You),$5.59,4.8 out of 5 stars,418 ratings
"OJsensai Joke Fathers Day Card for Dad, Birthday Card for Dad, Emergency Extra Funny Joker Greeting Card for the Father's Day Gifts, Variety Joke Card for Father, Fathers Day Card from Daughter",$6.99,4.6 out of 5 stars,393 ratings
"Qiliji Funny Father's Day Card, Humorous Birthday Card for Dad, Emergency Dad Jokes Card, Dad Greeting Card Gift",$5.99,Previous page of related Sponsored Products,
Huxters - Fathers Day Card Dad Birthday Cards for him Birthday Cards - Daddy Fathers Day Card - Fathers Day Card from Daughter or Son,$6.99,4.8 out of 5 stars,"2,080 ratings"
"LIGHTS & MUSIC #1 Pop Up Fathers Day Card, Plays Superman Song, Happy Fathers Day Card from Daughter, Father's Day Cards for Husband, Fathers Day Card from Son, Fathers Day Cards, 1 Best Dad Ever Card",$19.95,4.9 out of 5 stars,"1,043 ratings"
Papyrus Father's Day Card (All-Around Great Dad),$6.89,4.8 out of 5 stars,126 ratings
Hallmark Paper Wonder Displayable Jumbo Pop Up Fathers Day Card (Accordion Fold Happy Father's Day),$9.99,4.7 out of 5 stars,100 ratings
"Original and funny card for dad from son, daughter or wife with envelope | Inappropriate gag card for Father's Day, Birthday, Anniversary, Christmas or for new father",$6.99,4.8 out of 5 stars,"2,640 ratings"
Hallmark Fathers Day Card for Dad from Son or Daughter (More Loved Every Day),$6.87,4.9 out of 5 stars,556 ratings
"Golf Fathers Day Card by 22CRAFT - Fathers Day Pop Up Card Golf 6""x 8"" - Happy Fathers Day Card from Wife, Daughter, Son, Kids for Husband, Grandpa, Papa, Dad Birthday Pop Up Fathers Day Cards",$13.99,4.6 out of 5 stars,3 ratings
"Hallmark Star Wars Father's Day Card (Yoda, Celebrate You, We Must) (629FFW1054)",$6.29,4.9 out of 5 stars,500 ratings
"Funny Father's Day Card for Dad, Birthday Card for Dad, Anniversary Card Envelope Included, Blank Inside",$7.98,4.8 out of 5 stars,182 ratings
American Greetings Father's Day Card From Daughter (My Hero),$4.99,4.9 out of 5 stars,406 ratings
Hallmark Father's Day Card (Through Thick and Thin),$7.99,4.9 out of 5 stars,424 ratings
Hallmark Fathers Day Card (It's Father's Day) (559FFW2149),$5.59,4.9 out of 5 stars,879 ratings
Hallmark Signature Peanuts Fathers Day Card (Snoopy and Woodstock Canoeing) (799FFW2007),$7.99,4.9 out of 5 stars,700 ratings
"Ogeby Funny Fathers Day Card Gifts from Daughter Son, Humor Father’s Day Card Gift for Dad Stepdad, Watch TV with Eye Closed",$8.99,4.8 out of 5 stars,365 ratings
Hallmark Fathers Day Funny Pop Up Card (Power Tools),$7.99,4.8 out of 5 stars,26 ratings
Hallmark Signature Fathers Day Card for Dad from Son or Daughter (Celebrate),$5.71,4.8 out of 5 stars,"3,073 ratings"
Hallmark Pack of 3 Assorted Fathers Day Cards (Wonderful Dads),$6.99,4.7 out of 5 stars,292 ratings
"Hallmark Signature Paper Wonder Pop Up Father's Day Card (Celebrating You), 1299FFW1201, Pop Up, Celebrating You",$12.99,4.9 out of 5 stars,"1,756 ratings"
"Fishing Fathers Day Card by 22CRAFT - Fathers Day Pop Up Card 6""x 8"" - Happy Fathers Day Card from Wife, Daughter, Son, Kids for Husband, Grandpa, Papa, Dad, Birthday Pop Up Fathers Day Card",$13.99,Previous page of related Sponsored Products,
"Hallmark Father's Day Card (for You, Dad) (559FFW1124)",$5.59,4.9 out of 5 stars,298 ratings
"Hallmark Fathers Day Card for Dad, Son, Grandpa, Brother, Son in Law (So Glad You're Part of Our Family)",$5.59,4.8 out of 5 stars,"1,170 ratings"
"LIGHTS & MUSICAL Fathers Day Card from Kids, Pop Up Fathers Day Card for Husband, Sings 'Whatta Man', Happy Fathers Day Card from Daughter, Funny Fathers Day Card from Son, 1 Singing Fathers Day Card",$19.95,4.8 out of 5 stars,330 ratings
"Hallmark Signature Father's Day Card (Vintage Classic Car, Don't Make 'Em Like You Anymore), (599FFW9632)",$5.99,4.9 out of 5 stars,"2,330 ratings"
"Liif King Of Grill Fathers Day Card, 3D Funny Fathers Day Pop Up Card, Funny Birthday Card For Dad, Men, Husband, Chef, Him, Grandfather | With Message Note & Envelop (King Of Grill)",$11.99,5.0 out of 5 stars,10 ratings
1Up Greetings Father's Day Card Dog Dad | Fathers Day card from Dog |5”x7.5” | (Single Card and Envelope),$5.99,4.7 out of 5 stars,74 ratings
"OJsensai Naughty Fathers Day Card for Dog Dad, Great Father’s Day Gift from Dog, Hilarious Fathers Day Card for Him, Unique Fathers Day Gift Idea for Husband",$5.99,4.9 out of 5 stars,18 ratings
Hallmark Funny Pop Up Fathers Day Card for Dad from Son or Daughter (You've Got it All),$5.56,5.0 out of 5 stars,1 rating
American Greetings Father's Day Card (Lucky to Know You),$5.69,4.8 out of 5 stars,448 ratings
"Hallmark Father's Day Card for Dad, Stepdad, Grandpa, Husband (Hammock) (599FFW1111)",$5.99,4.8 out of 5 stars,636 ratings
"Pop of Art 3D Pop Up Fathers Day Card, Best Dad Ever, 5"" x 7"" Cover - Includes Envelope and Removable Note Tag",$11.99,4.9 out of 5 stars,123 ratings
